{
  "images" : [
    {
      "filename" : "7866x403 , 874 per page - 3 Zone (2622 per zone) (2).png",
      "idiom" : "universal",
      "scale" : "1x"
    },
    {
      "filename" : "7866x403 , 874 per page - 3 Zone (2622 per zone) (2) 1.png",
      "idiom" : "universal",
      "scale" : "2x"
    },
    {
      "filename" : "7866x403 , 874 per page - 3 Zone (2622 per zone) (2) 2.png",
      "idiom" : "universal",
      "scale" : "3x"
    }
  ],
  "info" : {
    "author" : "xcode",
    "version" : 1
  }
}
